Regret,agent,algorithm
119.6,1,Seed
120.14,10,Seed
49.82293762575453,100,Seed
4.9654827413706855,1000,Seed
0.495269716182971,10000,Seed
